{"name":"2c1fb89f-d529-4c4c-969c-14031e643fd2","id":"/providers/Microsoft.Flow/flows/2c1fb89f-d529-4c4c-969c-14031e643fd2","type":"Microsoft.Flow/flows","properties":{"apiId":"/providers/Microsoft.PowerApps/apis/shared_logicflows","displayName":"Arlo Disarm WIP","definition":{"metadata":{"workflowEntityId":null,"creator":{"id":"af5e012f-bffb-43ee-969d-d79e826d9ddf","type":"User","tenantId":"93f33571-550f-43cf-b09f-cd331338d086"},"provisioningMethod":"FromDefinition","failureAlertSubscription":true,"clientLastModifiedTime":"2020-01-23T11:56:56.3375568Z"},"$schema":"https://schema.management.azure.com/providers/Microsoft.Logic/schemas/2016-06-01/workflowdefinition.json#","contentVersion":"1.0.0.0","parameters":{"$connections":{"defaultValue":{},"type":"Object"},"$authentication":{"defaultValue":{},"type":"SecureObject"}},"triggers":{"manual":{"type":"Request","kind":"Button","inputs":{"schema":{"type":"object","properties":{},"required":[]}}}},"actions":{"Get_devices":{"runAfter":{"Create_Connection":["Succeeded"]},"metadata":{"flowSystemMetadata":{"swaggerOperationId":"devices"}},"type":"ApiConnection","inputs":{"host":{"connection":{"name":"@json(decodeBase64(triggerOutputs().headers['X-MS-APIM-Tokens']))['$connections']['shared_arlo-5f505aa990a10246a8-5fa86af4cf89593193']['connectionId']"},"api":{"runtimeUrl":"https://flow-apim-msmanaged-na-eastus2-01.azure-apim.net/apim/arlo-5f505aa990a10246a8-5fa86af4cf89593193"}},"method":"get","headers":{"Content-Type":"application/json"},"path":"/users/devices","authentication":{"type":"Raw","value":"@json(decodeBase64(triggerOutputs().headers['X-MS-APIM-Tokens']))['$ConnectionKey']"}}},"Create_Connection":{"runAfter":{"Get_Token":["Succeeded"]},"metadata":{"flowSystemMetadata":{"swaggerOperationId":"CreateConnection"}},"type":"ApiConnection","inputs":{"host":{"connection":{"name":"@json(decodeBase64(triggerOutputs().headers['X-MS-APIM-Tokens']))['$connections']['shared_flowmanagement']['connectionId']"},"api":{"runtimeUrl":"https://flow-apim-msmanaged-na-westus2-01.azure-apim.net/apim/flowmanagement"}},"method":"post","path":"/apis/@{encodeURIComponent('shared_arlo-5f505aa990a10246a8-5fa86af4cf89593193')}/connections","queries":{"environmentName":"Default-93f33571-550f-43cf-b09f-cd331338d086"},"authentication":{"type":"Raw","value":"@json(decodeBase64(triggerOutputs().headers['X-MS-APIM-Tokens']))['$ConnectionKey']"}}},"Apply_to_each":{"foreach":"@body('Get_devices')?['data']","actions":{"Condition":{"actions":{"Arm":{"runAfter":{},"metadata":{"flowSystemMetadata":{"swaggerOperationId":"arm"}},"type":"ApiConnection","inputs":{"host":{"connection":{"name":"@json(decodeBase64(triggerOutputs().headers['X-MS-APIM-Tokens']))['$connections']['shared_arlo-5f505aa990a10246a8-5fa86af4cf89593193']['connectionId']"},"api":{"runtimeUrl":"https://flow-apim-msmanaged-na-eastus2-01.azure-apim.net/apim/arlo-5f505aa990a10246a8-5fa86af4cf89593193"}},"method":"post","body":{"from":"userId","to":"@items('Apply_to_each')?['deviceId']","action":"set","resource":"modes","transId":"web!3975ac7b.ebb3a8!1504266382554","publishResponse":true,"properties":{"active":"mode0"}},"headers":{"Content-Type":"application/json","xcloudId":"@items('Apply_to_each')?['xCloudId']"},"path":"/users/devices/notify/@{encodeURIComponent(items('Apply_to_each')?['deviceId'])}","authentication":{"type":"Raw","value":"@json(decodeBase64(triggerOutputs().headers['X-MS-APIM-Tokens']))['$ConnectionKey']"}}}},"runAfter":{},"expression":{"equals":["@items('Apply_to_each')?['deviceType']","basestation"]},"type":"If"}},"runAfter":{"Get_devices":["Succeeded"]},"type":"Foreach"},"Get_Token":{"runAfter":{},"metadata":{"flowSystemMetadata":{"swaggerOperationId":"token"}},"type":"ApiConnection","inputs":{"host":{"connection":{"name":"@json(decodeBase64(triggerOutputs().headers['X-MS-APIM-Tokens']))['$connections']['shared_arlo-5f505aa990a10246a8-5fa86af4cf89593193']['connectionId']"},"api":{"runtimeUrl":"https://flow-apim-msmanaged-na-eastus2-01.azure-apim.net/apim/arlo-5f505aa990a10246a8-5fa86af4cf89593193"}},"method":"post","headers":{"Content-Type":"application/json"},"path":"/login/v2","authentication":{"type":"Raw","value":"@json(decodeBase64(triggerOutputs().headers['X-MS-APIM-Tokens']))['$ConnectionKey']"}}}},"outputs":{}},"connectionReferences":{"shared_arlo-5f505aa990a10246a8-5fa86af4cf89593193":{"connectionName":"1b5ce9b0c9be42d6b1f82b1e0b21e14d","source":"Invoker","id":"/providers/Microsoft.PowerApps/apis/shared_arlo-5f505aa990a10246a8-5fa86af4cf89593193","tier":"NotSpecified"},"shared_flowmanagement":{"connectionName":"shared-flowmanagemen-a13d4b9e-5d8e-49ca-a575-bfbffea78524","source":"Invoker","id":"/providers/Microsoft.PowerApps/apis/shared_flowmanagement","tier":"NotSpecified"}},"flowFailureAlertSubscribed":false}}